Metric,Value
design__lint_error__count,0
design__lint_timing_construct__count,0
design__lint_warning__count,0
design__inferred_latch__count,0
design__instance__count,33
design__instance__area,321.558
design__instance_unmapped__count,0
synthesis__check_error__count,0
design__max_slew_violation__count__corner:nom_tt_025C_1v80,0
design__max_fanout_violation__count__corner:nom_tt_025C_1v80,0
design__max_cap_violation__count__corner:nom_tt_025C_1v80,0
power__internal__total,0.00008265634824056178
power__switching__total,0.000012712405805359595
power__leakage__total,6.503583782624389E-10
power__total,0.00009536940342513844
clock__skew__worst_hold__corner:nom_tt_025C_1v80,-0.10225991176613285
clock__skew__worst_setup__corner:nom_tt_025C_1v80,0.10228203296052413
timing__hold__ws__corner:nom_tt_025C_1v80,0.5233780779130116
timing__setup__ws__corner:nom_tt_025C_1v80,7.021794899835121
timing__hold__tns__corner:nom_tt_025C_1v80,0.0
timing__setup__tns__corner:nom_tt_025C_1v80,0.0
timing__hold__wns__corner:nom_tt_025C_1v80,0
timing__setup__wns__corner:nom_tt_025C_1v80,0.0
timing__hold_vio__count__corner:nom_tt_025C_1v80,0
timing__hold_r2r__ws__corner:nom_tt_025C_1v80,0.523378
timing__hold_r2r_vio__count__corner:nom_tt_025C_1v80,0
timing__setup_vio__count__corner:nom_tt_025C_1v80,0
timing__setup_r2r__ws__corner:nom_tt_025C_1v80,8.141846
timing__setup_r2r_vio__count__corner:nom_tt_025C_1v80,0
design__max_slew_violation__count__corner:nom_ss_100C_1v60,0
design__max_fanout_violation__count__corner:nom_ss_100C_1v60,0
design__max_cap_violation__count__corner:nom_ss_100C_1v60,0
clock__skew__worst_hold__corner:nom_ss_100C_1v60,-0.10358551809502599
clock__skew__worst_setup__corner:nom_ss_100C_1v60,0.10360722295577127
timing__hold__ws__corner:nom_ss_100C_1v60,1.1280170450325346
timing__setup__ws__corner:nom_ss_100C_1v60,6.21867375196218
timing__hold__tns__corner:nom_ss_100C_1v60,0.0
timing__setup__tns__corner:nom_ss_100C_1v60,0.0
timing__hold__wns__corner:nom_ss_100C_1v60,0
timing__setup__wns__corner:nom_ss_100C_1v60,0.0
timing__hold_vio__count__corner:nom_ss_100C_1v60,0
timing__hold_r2r__ws__corner:nom_ss_100C_1v60,1.161232
timing__hold_r2r_vio__count__corner:nom_ss_100C_1v60,0
timing__setup_vio__count__corner:nom_ss_100C_1v60,0
timing__setup_r2r__ws__corner:nom_ss_100C_1v60,6.331058
timing__setup_r2r_vio__count__corner:nom_ss_100C_1v60,0
design__max_slew_violation__count__corner:nom_ff_n40C_1v95,0
design__max_fanout_violation__count__corner:nom_ff_n40C_1v95,0
design__max_cap_violation__count__corner:nom_ff_n40C_1v95,0
clock__skew__worst_hold__corner:nom_ff_n40C_1v95,-0.10168698115807145
clock__skew__worst_setup__corner:nom_ff_n40C_1v95,0.10170965746399074
timing__hold__ws__corner:nom_ff_n40C_1v95,0.29456662942608464
timing__setup__ws__corner:nom_ff_n40C_1v95,7.320896096555655
timing__hold__tns__corner:nom_ff_n40C_1v95,0.0
timing__setup__tns__corner:nom_ff_n40C_1v95,0.0
timing__hold__wns__corner:nom_ff_n40C_1v95,0
timing__setup__wns__corner:nom_ff_n40C_1v95,0.0
timing__hold_vio__count__corner:nom_ff_n40C_1v95,0
timing__hold_r2r__ws__corner:nom_ff_n40C_1v95,0.294567
timing__hold_r2r_vio__count__corner:nom_ff_n40C_1v95,0
timing__setup_vio__count__corner:nom_ff_n40C_1v95,0
timing__setup_r2r__ws__corner:nom_ff_n40C_1v95,8.763002
timing__setup_r2r_vio__count__corner:nom_ff_n40C_1v95,0
design__max_slew_violation__count,0
design__max_fanout_violation__count,0
design__max_cap_violation__count,0
clock__skew__worst_hold,-0.10168211005441315
clock__skew__worst_setup,0.10169963770091013
timing__hold__ws,0.2925055280781517
timing__setup__ws,6.211456413919577
timing__hold__tns,0.0
timing__setup__tns,0.0
timing__hold__wns,0
timing__setup__wns,0.0
timing__hold_vio__count,0
timing__hold_r2r__ws,0.292506
timing__hold_r2r_vio__count,0
timing__setup_vio__count,0
timing__setup_r2r__ws,6.318524
timing__setup_r2r_vio__count,0
design__die__bbox,0.0 0.0 41.47 70.27
design__core__bbox,7.36 21.76 34.04 46.24
design__io,8
design__die__area,2914.1
design__core__area,653.126
design__instance__count__stdcell,33
design__instance__area__stdcell,321.558
design__instance__count__macros,0
design__instance__area__macros,0
design__instance__utilization,0.492337
design__instance__utilization__stdcell,0.492337
design__instance__count__class:inverter,5
design__instance__count__class:sequential_cell,4
design__instance__count__class:multi_input_combinational_cell,5
flow__warnings__count,1
flow__errors__count,0
design__instance__count__class:fill_cell,52
design__instance__count__class:tap_cell,5
design__power_grid_violation__count__net:VGND,0
design__power_grid_violation__count__net:VPWR,0
design__power_grid_violation__count,0
timing__drv__floating__nets,0
timing__drv__floating__pins,0
design__instance__displacement__total,0
design__instance__displacement__mean,0
design__instance__displacement__max,0
route__wirelength__estimated,444.887
design__violations,0
design__instance__count__class:timing_repair_buffer,10
design__instance__count__class:clock_buffer,4
design__instance__count__setup_buffer,0
design__instance__count__hold_buffer,5
antenna__violating__nets,0
antenna__violating__pins,0
route__antenna_violation__count,0
antenna_diodes_count,0
route__net,29
route__net__special,2
route__drc_errors__iter:1,0
route__wirelength__iter:1,388
route__drc_errors,0
route__wirelength,388
route__vias,121
route__vias__singlecut,121
route__vias__multicut,0
design__disconnected_pin__count,0
design__critical_disconnected_pin__count,0
route__wirelength__max,42.48
timing__unannotated_net__count__corner:nom_tt_025C_1v80,1
timing__unannotated_net_filtered__count__corner:nom_tt_025C_1v80,0
timing__unannotated_net__count__corner:nom_ss_100C_1v60,1
timing__unannotated_net_filtered__count__corner:nom_ss_100C_1v60,0
timing__unannotated_net__count__corner:nom_ff_n40C_1v95,1
timing__unannotated_net_filtered__count__corner:nom_ff_n40C_1v95,0
design__max_slew_violation__count__corner:min_tt_025C_1v80,0
design__max_fanout_violation__count__corner:min_tt_025C_1v80,0
design__max_cap_violation__count__corner:min_tt_025C_1v80,0
clock__skew__worst_hold__corner:min_tt_025C_1v80,-0.10228450320682379
clock__skew__worst_setup__corner:min_tt_025C_1v80,0.10230157288631016
timing__hold__ws__corner:min_tt_025C_1v80,0.5209455236861092
timing__setup__ws__corner:min_tt_025C_1v80,7.025655367445529
timing__hold__tns__corner:min_tt_025C_1v80,0.0
timing__setup__tns__corner:min_tt_025C_1v80,0.0
timing__hold__wns__corner:min_tt_025C_1v80,0
timing__setup__wns__corner:min_tt_025C_1v80,0.0
timing__hold_vio__count__corner:min_tt_025C_1v80,0
timing__hold_r2r__ws__corner:min_tt_025C_1v80,0.520946
timing__hold_r2r_vio__count__corner:min_tt_025C_1v80,0
timing__setup_vio__count__corner:min_tt_025C_1v80,0
timing__setup_r2r__ws__corner:min_tt_025C_1v80,8.148630
timing__setup_r2r_vio__count__corner:min_tt_025C_1v80,0
timing__unannotated_net__count__corner:min_tt_025C_1v80,1
timing__unannotated_net_filtered__count__corner:min_tt_025C_1v80,0
design__max_slew_violation__count__corner:min_ss_100C_1v60,0
design__max_fanout_violation__count__corner:min_ss_100C_1v60,0
design__max_cap_violation__count__corner:min_ss_100C_1v60,0
clock__skew__worst_hold__corner:min_ss_100C_1v60,-0.1036042808646728
clock__skew__worst_setup__corner:min_ss_100C_1v60,0.10362093421051317
timing__hold__ws__corner:min_ss_100C_1v60,1.1275047881144848
timing__setup__ws__corner:min_ss_100C_1v60,6.224778202413425
timing__hold__tns__corner:min_ss_100C_1v60,0.0
timing__setup__tns__corner:min_ss_100C_1v60,0.0
timing__hold__wns__corner:min_ss_100C_1v60,0
timing__setup__wns__corner:min_ss_100C_1v60,0.0
timing__hold_vio__count__corner:min_ss_100C_1v60,0
timing__hold_r2r__ws__corner:min_ss_100C_1v60,1.158046
timing__hold_r2r_vio__count__corner:min_ss_100C_1v60,0
timing__setup_vio__count__corner:min_ss_100C_1v60,0
timing__setup_r2r__ws__corner:min_ss_100C_1v60,6.337716
timing__setup_r2r_vio__count__corner:min_ss_100C_1v60,0
timing__unannotated_net__count__corner:min_ss_100C_1v60,1
timing__unannotated_net_filtered__count__corner:min_ss_100C_1v60,0
design__max_slew_violation__count__corner:min_ff_n40C_1v95,0
design__max_fanout_violation__count__corner:min_ff_n40C_1v95,0
design__max_cap_violation__count__corner:min_ff_n40C_1v95,0
clock__skew__worst_hold__corner:min_ff_n40C_1v95,-0.10168211005441315
clock__skew__worst_setup__corner:min_ff_n40C_1v95,0.10169963770091013
timing__hold__ws__corner:min_ff_n40C_1v95,0.2925055280781517
timing__setup__ws__corner:min_ff_n40C_1v95,7.324050018213209
timing__hold__tns__corner:min_ff_n40C_1v95,0.0
timing__setup__tns__corner:min_ff_n40C_1v95,0.0
timing__hold__wns__corner:min_ff_n40C_1v95,0
timing__setup__wns__corner:min_ff_n40C_1v95,0.0
timing__hold_vio__count__corner:min_ff_n40C_1v95,0
timing__hold_r2r__ws__corner:min_ff_n40C_1v95,0.292506
timing__hold_r2r_vio__count__corner:min_ff_n40C_1v95,0
timing__setup_vio__count__corner:min_ff_n40C_1v95,0
timing__setup_r2r__ws__corner:min_ff_n40C_1v95,8.767105
timing__setup_r2r_vio__count__corner:min_ff_n40C_1v95,0
timing__unannotated_net__count__corner:min_ff_n40C_1v95,1
timing__unannotated_net_filtered__count__corner:min_ff_n40C_1v95,0
design__max_slew_violation__count__corner:max_tt_025C_1v80,0
design__max_fanout_violation__count__corner:max_tt_025C_1v80,0
design__max_cap_violation__count__corner:max_tt_025C_1v80,0
clock__skew__worst_hold__corner:max_tt_025C_1v80,-0.10226643432658698
clock__skew__worst_setup__corner:max_tt_025C_1v80,0.10229657688255805
timing__hold__ws__corner:max_tt_025C_1v80,0.5267001428524006
timing__setup__ws__corner:max_tt_025C_1v80,7.017040480620002
timing__hold__tns__corner:max_tt_025C_1v80,0.0
timing__setup__tns__corner:max_tt_025C_1v80,0.0
timing__hold__wns__corner:max_tt_025C_1v80,0
timing__setup__wns__corner:max_tt_025C_1v80,0.0
timing__hold_vio__count__corner:max_tt_025C_1v80,0
timing__hold_r2r__ws__corner:max_tt_025C_1v80,0.526700
timing__hold_r2r_vio__count__corner:max_tt_025C_1v80,0
timing__setup_vio__count__corner:max_tt_025C_1v80,0
timing__setup_r2r__ws__corner:max_tt_025C_1v80,8.134532
timing__setup_r2r_vio__count__corner:max_tt_025C_1v80,0
timing__unannotated_net__count__corner:max_tt_025C_1v80,1
timing__unannotated_net_filtered__count__corner:max_tt_025C_1v80,0
design__max_slew_violation__count__corner:max_ss_100C_1v60,0
design__max_fanout_violation__count__corner:max_ss_100C_1v60,0
design__max_cap_violation__count__corner:max_ss_100C_1v60,0
clock__skew__worst_hold__corner:max_ss_100C_1v60,-0.10360139428472714
clock__skew__worst_setup__corner:max_ss_100C_1v60,0.10363125928493419
timing__hold__ws__corner:max_ss_100C_1v60,1.1275836139514626
timing__setup__ws__corner:max_ss_100C_1v60,6.211456413919577
timing__hold__tns__corner:max_ss_100C_1v60,0.0
timing__setup__tns__corner:max_ss_100C_1v60,0.0
timing__hold__wns__corner:max_ss_100C_1v60,0
timing__setup__wns__corner:max_ss_100C_1v60,0.0
timing__hold_vio__count__corner:max_ss_100C_1v60,0
timing__hold_r2r__ws__corner:max_ss_100C_1v60,1.166747
timing__hold_r2r_vio__count__corner:max_ss_100C_1v60,0
timing__setup_vio__count__corner:max_ss_100C_1v60,0
timing__setup_r2r__ws__corner:max_ss_100C_1v60,6.318524
timing__setup_r2r_vio__count__corner:max_ss_100C_1v60,0
timing__unannotated_net__count__corner:max_ss_100C_1v60,1
timing__unannotated_net_filtered__count__corner:max_ss_100C_1v60,0
design__max_slew_violation__count__corner:max_ff_n40C_1v95,0
design__max_fanout_violation__count__corner:max_ff_n40C_1v95,0
design__max_cap_violation__count__corner:max_ff_n40C_1v95,0
clock__skew__worst_hold__corner:max_ff_n40C_1v95,-0.10171982988274157
clock__skew__worst_setup__corner:max_ff_n40C_1v95,0.10175061081696984
timing__hold__ws__corner:max_ff_n40C_1v95,0.2968789187404431
timing__setup__ws__corner:max_ff_n40C_1v95,7.316418344926097
timing__hold__tns__corner:max_ff_n40C_1v95,0.0
timing__setup__tns__corner:max_ff_n40C_1v95,0.0
timing__hold__wns__corner:max_ff_n40C_1v95,0
timing__setup__wns__corner:max_ff_n40C_1v95,0.0
timing__hold_vio__count__corner:max_ff_n40C_1v95,0
timing__hold_r2r__ws__corner:max_ff_n40C_1v95,0.296879
timing__hold_r2r_vio__count__corner:max_ff_n40C_1v95,0
timing__setup_vio__count__corner:max_ff_n40C_1v95,0
timing__setup_r2r__ws__corner:max_ff_n40C_1v95,8.758615
timing__setup_r2r_vio__count__corner:max_ff_n40C_1v95,0
timing__unannotated_net__count__corner:max_ff_n40C_1v95,1
timing__unannotated_net_filtered__count__corner:max_ff_n40C_1v95,0
timing__unannotated_net__count,1
timing__unannotated_net_filtered__count,0
design_powergrid__voltage__worst__net:VPWR__corner:nom_tt_025C_1v80,1.79992
design_powergrid__drop__average__net:VPWR__corner:nom_tt_025C_1v80,1.79998
design_powergrid__drop__worst__net:VPWR__corner:nom_tt_025C_1v80,0.0000796478
design_powergrid__voltage__worst__net:VGND__corner:nom_tt_025C_1v80,0.000100269
design_powergrid__drop__average__net:VGND__corner:nom_tt_025C_1v80,0.0000174776
design_powergrid__drop__worst__net:VGND__corner:nom_tt_025C_1v80,0.000100269
design_powergrid__voltage__worst,0.000100269
design_powergrid__voltage__worst__net:VPWR,1.79992
design_powergrid__drop__worst,0.000100269
design_powergrid__drop__worst__net:VPWR,0.0000796478
design_powergrid__voltage__worst__net:VGND,0.000100269
design_powergrid__drop__worst__net:VGND,0.000100269
ir__voltage__worst,1.8000000000000000444089209850062616169452667236328125
ir__drop__avg,0.00002099999999999999883795211153003634763081208802759647369384765625
ir__drop__worst,0.000079599999999999996821466174967696360909030772745609283447265625
design__xor_difference__count,0
magic__drc_error__count,0
klayout__drc_error__count,0
magic__illegal_overlap__count,0
design__lvs_device_difference__count,0
design__lvs_net_difference__count,0
design__lvs_property_fail__count,0
design__lvs_error__count,0
design__lvs_unmatched_device__count,0
design__lvs_unmatched_net__count,0
design__lvs_unmatched_pin__count,0
